k,a,ref,res,ratio
1,0,2500,21336748.56,0.8253177823832558
1,0,5000,21649482.23,1.014657044353341
1,0,7500,21885467.54,1.010900275003944
1,0,10000,22076101.53,1.0087105285574356
