k,a,ref,res,ratio
1,1,2500,23056420.21,0.987831284740862
1,1,5000,23145155.73,1.003848625206853
1,1,7500,23219745.47,1.003222693373513
1,1,10000,23190986.35,0.9987614368970085
