k,a,ref,res,ratio
1,0,2500,20708379.62,20708379.62
1,0,5000,21160739.27,1.0218442803493477
1,0,7500,22033193.28,1.041229845463712
1,0,10000,22069876.03,1.0016648857718367
