ref,k,a,res,ratio
2500,1,0,21066852.83,1.4379599768637197
2500,1,0.01,23137838.2,1.0983053988515474
2500,1,0.1,22653943.36,0.9790864282212848
2500,1,0.3,22434324.35,0.9903054842810378
2500,1,0.5,22336739.1,0.9956501810138089
2500,1,1,22208940.09,0.9942785287759393
