k,a,ref,res,ratio
2,0,2500,20263534.25,0.8661516155346412
2,0,5000,20794375.24,1.026196860994276
2,0,7500,21170538.28,1.018089653363397
2,0,10000,20838344.88,0.9843086937324674
