ref,a,k,res,ratio
5000,1,1,24602855.51,0.9525597305752048
5000,1,2,26012554.18,1.0572981729469173
5000,1,3,27291560.9,1.0491688248354856
5000,1,4,26680086.55,0.9775947461473339
5000,1,5,25891723.77,0.9704512660210991
