ref,k,a,res,ratio
2500,5,0,23896309.84,0.8956608815798612
2500,5,0.01,26649043.8,1.1151949392366935
2500,5,0.1,25856550.58,0.9702618515715749
2500,5,0.3,25804401.63,0.997983143581405
2500,5,0.5,25828149.9,1.0009203185696967
2500,5,1,25891723.77,1.002461417881116
