k,a,ref,res,ratio
3,0,2500,22605452.0,0.8690208521460925
3,0,5000,21224424.44,0.9389073237730439
3,0,7500,21140218.12,0.996032574629383
3,0,10000,21206969.97,1.003157576218991
