k,a,ref,res,ratio
1,1,2500,23401247.59,0.993033961468783
1,1,5000,23321758.35,0.9966032050345057
1,1,7500,23438356.0,1.0049995222594355
1,1,10000,23452409.2,1.000599581301692
