k,a,ref,res,ratio
3,0,2500,21161676.2,0.9349341000785624
3,0,5000,20959722.7,0.990456639724976
3,0,7500,20717737.8,0.9884547661501266
3,0,10000,20757150.54,1.001902366965953
