k,a,ref,res,ratio
1,0,2500,19319670.23,19319670.23
1,0,5000,20862056.08,1.0798349988192317
1,0,7500,20297596.17,0.9729432272717773
1,0,10000,20256942.45,0.9979971165225915
