k,a,ref,res,ratio
1,0,2500,22533486.1,22533486.1
1,0,5000,22781303.55,1.0109977412682718
1,0,7500,22823087.07,1.0018341145364353
1,0,10000,23221240.13,1.0174451886714027
