k,a,ref,res,ratio
2,0,2500,22665801.01,0.9130654649696889
2,0,5000,23277581.09,1.0269913284657395
2,0,7500,23448542.64,1.007344472320341
2,0,10000,23672802.41,1.009563910791515
