k,a,ref,res,ratio
5,1,2500,25823100.56,0.9928796285564533
5,1,5000,25951285.31,1.004963956582292
5,1,7500,25978654.92,1.001054653350424
5,1,10000,26053716.06,1.0028893389681315
