k,a,ref,res,ratio
2,0,2500,21802309.95,0.934713895275987
2,0,5000,22245936.99,1.020347708156493
2,0,7500,22525752.43,1.0125782717143264
2,0,10000,22621796.9,1.0042637630107345
