k,a,ref,res,ratio
3,0,2500,20736713.75,0.8079773866945528
3,0,5000,20816460.3,1.003845669615804
3,0,7500,20980005.02,1.0078565095911143
3,0,10000,21042435.57,1.002975716637841
