k,a,ref,res,ratio
2,1,2500,25138667.71,0.9754809897483335
2,1,5000,25421716.17,1.011259485318206
2,1,7500,25524225.79,1.0040323642713378
2,1,10000,25664967.97,1.005514062646129
