k,a,ref,res,ratio
1,1,2500,22800872.22,0.9727001809260204
1,1,5000,23147570.23,1.0152054713808665
1,1,7500,23320034.58,1.007450645933303
1,1,10000,23325115.91,1.000217895474493
